CASE_ID,inject_m,inject_f,Person_1,Person_2,time_fert,pain_1,pain_2,skin_1,skin_2,access_1,access_2,freq,loc_1,loc_2
1,-1.88,-2.17,2.02,0.95,0.78,-0.09,-0.51,0.33,-0.54,-1.69,0.12,3.30,2.43,2.82
2,3.14,0.08,-1.47,-0.01,-0.64,-1.53,-0.60,0.46,-0.17,-0.71,-2.87,0.68,-0.13,1.03
3,0.96,-1.78,-0.68,0.97,-0.98,-2.39,-1.58,0.56,0.17,-1.11,-2.34,1.26,-0.34,1.63
4,2.37,-0.84,-1.10,-0.17,-0.52,-2.05,-0.70,0.14,-0.88,-1.22,-1.29,1.41,-0.15,1.66
5,1.51,-1.78,-1.20,0.19,0.35,-2.72,-0.99,0.44,-0.87,-0.85,-1.64,1.44,-0.09,1.94
6,3.52,0.63,-1.52,-0.35,-0.79,-1.71,-1.00,0.34,0.95,-1.04,-1.60,0.66,-0.19,0.74
7,7.14,6.05,-2.83,0.18,-0.48,-1.85,0.75,1.07,0.95,-0.88,-2.70,-0.28,-1.34,0.03
8,5.96,5.19,-1.72,0.00,0.04,-1.20,0.27,1.45,1.33,-0.73,-2.17,1.07,-1.35,0.33
9,4.59,1.37,-1.93,0.92,-0.66,-2.55,-0.14,0.58,-0.12,-0.48,-1.66,0.74,-0.76,0.82
10,3.79,2.62,0.24,-0.18,0.83,-0.64,0.48,0.76,1.23,-0.96,-0.97,0.92,-0.64,1.03
11,4.20,1.40,-1.07,0.06,-0.28,-2.46,-0.73,1.02,0.64,0.12,-1.66,1.81,0.25,0.26
12,2.59,-0.73,-1.06,0.83,-0.13,-3.03,-0.28,0.56,-0.32,-1.28,-1.33,1.29,-0.72,1.90
13,2.40,-0.47,-0.87,1.26,-0.88,-2.69,-1.25,0.48,0.57,-1.31,-1.02,1.09,-0.77,1.57
14,3.05,4.03,-0.09,-0.09,0.57,-1.10,-0.09,1.23,1.01,-1.43,-0.80,2.47,1.10,0.92
15,2.74,-0.54,-1.39,0.94,-0.47,-3.10,-1.07,0.41,0.37,-0.47,-1.64,0.80,-0.54,1.58
16,0.16,1.11,0.01,0.61,0.46,-0.80,-0.36,0.68,-0.01,-1.67,-1.24,1.18,0.69,2.17
17,-1.07,-3.58,0.07,0.58,0.55,-1.17,-0.92,-0.16,-0.66,-1.99,-1.53,1.58,0.27,2.58
18,1.71,-1.41,-0.96,0.32,-0.35,-2.81,-1.04,0.23,-0.69,-1.46,-1.06,1.77,-0.16,2.25
19,3.21,1.74,-1.10,0.42,0.41,-1.82,-0.41,0.01,0.81,-1.46,-1.14,0.41,0.80,1.05
20,7.36,6.16,-2.88,0.21,-0.35,-1.87,0.89,0.78,0.90,-0.78,-2.59,-0.35,-1.12,-0.24
21,-0.01,-0.28,-0.35,0.30,0.60,-1.93,0.40,0.31,-1.13,-1.69,-1.55,0.70,-0.84,2.66
22,0.17,-0.64,0.94,0.16,0.57,-0.63,-0.94,0.43,0.12,-0.86,-1.73,2.81,0.93,1.19
23,3.65,2.62,-0.90,1.16,0.46,-1.29,-0.56,0.14,-0.39,-0.01,-0.54,2.49,0.59,1.98
24,4.74,3.10,-2.05,-0.02,0.00,-2.08,0.74,0.64,-0.28,-1.60,-2.35,0.24,-1.17,0.95
25,2.08,-0.54,-0.95,-0.05,-0.68,-1.07,0.04,0.30,-0.47,-1.90,-2.10,1.28,-0.44,1.45
26,3.03,0.47,-1.79,1.35,-0.01,-3.37,-0.48,0.22,-0.25,-1.08,-0.84,1.06,0.12,1.91
27,3.61,0.26,-1.61,0.23,-0.29,-2.57,-0.06,0.37,-0.61,-0.95,-1.31,1.03,-0.23,1.44
28,3.42,0.47,-0.88,-0.50,-0.06,-2.71,-0.70,0.60,-0.03,-0.36,-1.45,2.11,0.58,0.70
29,2.35,-0.61,-1.01,0.85,0.10,-2.92,0.11,0.26,-0.47,-1.10,-1.22,1.08,-0.66,1.79
30,6.10,5.08,-1.88,-0.22,-0.01,-1.27,0.19,1.12,1.29,-0.50,-2.35,0.94,-1.07,0.24
31,-0.48,0.46,-0.11,1.72,0.83,0.00,-1.01,0.28,-1.04,-2.00,-1.09,1.65,0.92,2.93
32,2.89,2.18,-1.42,-0.37,-0.78,-2.27,-1.44,0.45,-0.33,-1.05,-2.06,1.84,0.80,0.92
33,6.16,3.49,-1.52,0.19,-0.33,-2.42,-0.06,0.83,0.59,0.21,-1.38,1.84,0.19,0.06
34,3.68,4.01,0.41,-0.17,0.24,-0.65,-0.21,1.66,1.38,-1.02,-1.28,2.15,0.30,0.42
35,3.21,0.80,-0.04,-0.13,0.49,-1.81,-0.28,0.88,-0.05,-0.41,-1.01,2.92,0.02,1.11
36,1.65,-1.43,-0.91,0.22,-0.19,-2.81,-1.01,0.40,-0.66,-1.40,-1.13,1.37,-0.45,1.96
37,7.35,5.94,-2.76,0.22,-0.61,-1.91,0.84,0.89,0.87,-0.89,-2.65,-0.28,-1.08,-0.07
38,2.47,2.26,0.47,0.06,0.82,-0.97,-0.71,0.65,0.79,-1.06,0.21,2.65,1.26,1.52
39,1.90,0.09,-0.67,1.26,0.61,-2.33,-0.90,0.26,-0.27,-1.07,-0.69,2.06,0.11,2.37
40,2.51,-0.65,-0.65,0.24,-0.02,-2.83,-1.47,0.72,-0.03,0.15,-1.51,2.14,0.67,0.95
41,4.06,5.17,-1.28,1.85,0.43,-1.19,-0.17,0.69,0.34,-1.16,-0.75,1.33,1.06,0.91
42,4.62,1.93,-1.65,0.61,-0.80,-1.57,0.50,0.57,0.49,-0.99,-2.38,0.37,-0.60,0.59
43,1.70,2.42,0.38,-0.14,-0.10,-1.77,-0.85,0.24,0.83,-1.45,-1.01,2.36,0.60,1.29
44,1.65,0.05,-0.65,0.94,0.40,-2.26,-1.53,0.86,-0.83,-1.02,-0.20,2.71,1.38,1.66
45,4.29,5.34,-2.09,1.17,0.27,-0.02,-0.17,0.80,0.07,-1.29,-1.31,1.00,0.00,1.68
46,6.30,5.78,-2.79,0.44,-0.42,-2.25,0.56,0.64,0.26,-1.38,-1.87,-0.01,-0.67,0.43
47,4.25,1.56,-1.81,0.96,-0.05,-2.60,-0.12,0.80,0.61,-0.66,-1.46,0.55,-1.03,0.90
48,7.10,5.82,-2.84,0.02,-0.61,-2.05,0.66,0.72,0.92,-0.79,-2.59,-0.26,-1.25,-0.04
49,-0.39,0.01,0.52,1.29,0.93,0.15,-0.44,0.06,-0.43,-1.96,0.49,1.40,0.58,3.50
50,3.75,4.28,-1.08,1.17,0.52,-1.54,-0.12,0.11,0.64,-0.52,-1.22,1.78,0.91,1.48
51,1.05,-2.03,-0.64,0.19,0.06,-1.19,-0.29,-0.29,-1.84,-1.56,-1.01,1.81,0.13,2.36
52,-1.11,-3.60,0.11,1.21,-0.26,-1.90,-0.70,0.04,-0.24,-2.04,-1.17,1.74,0.03,2.47
53,0.79,-2.05,-0.72,0.07,-0.07,-2.74,-1.53,0.19,-0.29,-1.65,-1.26,1.71,-0.23,2.15
54,5.46,5.40,-1.75,0.69,-0.59,-2.02,-0.40,1.40,0.39,-1.02,-1.19,1.81,0.52,0.17
55,3.63,4.14,0.33,-0.11,0.17,-0.74,-0.25,1.78,1.35,-0.75,-1.09,2.09,0.13,0.32
56,4.61,2.89,-0.50,0.17,0.93,-0.83,0.25,0.61,1.65,-0.74,-1.19,1.19,-0.18,0.50
57,6.52,5.96,-3.06,0.54,-0.35,-2.15,0.61,0.38,0.27,-1.33,-1.80,-0.08,-0.50,0.68
58,2.92,3.82,-0.09,0.18,0.54,-1.15,-0.29,1.13,0.81,-1.39,-0.77,2.50,0.83,1.18
59,0.13,-2.48,-0.31,0.50,-0.74,-2.56,-1.45,0.26,-0.18,-1.51,-1.84,1.62,-0.04,2.02
60,2.19,1.80,0.72,0.22,0.75,-1.22,-0.81,0.97,0.65,-1.22,0.22,2.69,1.30,1.73
61,3.55,3.37,-1.52,0.46,0.16,-2.54,0.16,0.66,0.24,-1.72,-1.35,0.18,-1.07,1.96
62,6.47,5.68,-3.07,0.43,-0.18,-2.39,0.55,0.39,0.26,-1.16,-1.92,-0.23,-0.32,0.50
63,3.31,4.33,-1.11,0.61,1.12,-0.38,0.80,-0.15,0.28,-1.29,-1.17,0.27,-0.10,2.41
64,0.47,-2.50,-0.47,0.59,0.09,-0.96,0.13,-0.23,-1.84,-1.21,-2.42,1.31,0.39,2.14
65,5.69,5.61,-2.25,0.41,0.08,-0.12,0.53,0.45,0.52,-0.19,-1.97,0.60,-0.93,1.05
66,2.26,1.00,0.16,0.42,0.44,-2.56,-0.75,0.36,0.28,-0.61,-0.26,2.71,0.49,2.18
67,-3.75,-5.77,1.82,1.13,0.88,-0.83,-1.63,-0.03,-1.42,-1.83,-0.72,3.53,0.67,3.87
68,-2.96,-4.95,1.45,0.90,0.56,-0.92,-1.33,0.02,-1.23,-1.68,-0.92,3.17,0.47,3.58
69,5.41,3.79,-2.33,1.23,0.01,-0.76,0.41,0.42,0.25,-0.38,-1.07,-0.13,-0.92,1.48
70,7.50,6.27,-3.05,0.29,-0.48,-1.89,0.69,0.85,0.80,-0.75,-2.43,-0.49,-1.28,0.01
71,3.02,4.05,0.06,0.03,0.51,-1.14,-0.36,1.06,0.76,-1.36,-0.76,2.25,0.80,0.90
72,7.27,6.75,-3.10,0.44,-0.49,-2.31,0.70,0.46,0.33,-1.20,-1.94,-0.27,-0.48,0.35
73,-3.04,-4.70,1.87,0.72,0.63,-1.16,-1.36,0.05,-1.09,-1.26,-0.88,4.24,1.32,2.96
74,5.56,5.87,-2.86,1.21,0.01,-1.39,0.89,0.11,-0.02,-1.11,-1.64,-0.37,-0.66,1.61
75,-1.19,-3.14,0.66,-0.01,0.28,-0.16,-0.72,-0.06,-1.41,-1.41,-1.20,2.66,0.30,2.81
76,5.39,5.08,-2.25,-0.18,0.26,-1.50,0.25,0.50,0.44,-0.85,-1.69,0.95,-0.39,0.96
77,3.52,2.81,-0.35,0.53,0.59,-1.45,-1.03,0.83,0.94,-0.86,0.04,3.03,1.67,0.83
78,4.58,1.32,-1.69,0.54,-0.68,-2.56,-0.17,0.62,-0.23,-0.53,-1.50,0.84,-0.82,0.96
79,5.91,4.00,-2.57,0.58,-0.04,-2.00,0.36,-0.02,0.00,-1.21,-1.07,0.69,-0.01,0.82
80,3.71,3.14,-1.02,0.86,0.15,-1.80,0.02,-0.13,-0.40,-0.44,-0.09,1.16,0.41,2.42
81,6.96,5.51,-2.02,0.22,-0.60,-2.48,0.20,1.18,0.97,-0.13,-2.23,1.56,-0.04,-0.33
82,3.76,2.95,-1.12,0.86,0.58,-0.93,0.12,0.54,0.93,-1.95,-0.29,0.97,0.83,0.95
83,4.82,5.68,-2.29,0.87,0.03,-1.06,0.85,0.13,-0.25,-1.22,-1.45,-0.58,-0.88,2.15
84,3.27,2.36,0.23,-0.28,0.99,0.17,0.24,1.14,1.12,-1.41,-0.31,1.38,-0.08,1.32
85,5.01,3.91,-0.73,1.49,0.50,-1.23,0.68,0.61,1.02,0.20,-0.88,1.12,0.70,0.68
86,-0.51,-0.96,0.61,0.78,0.73,-0.77,-0.15,-0.09,-0.16,-2.16,-1.25,1.83,0.00,2.09
87,5.22,3.40,-0.95,0.45,0.55,-1.17,0.70,0.29,1.25,-0.87,-1.24,0.16,0.02,0.16
88,0.29,1.02,-1.44,2.11,0.22,-1.16,-1.08,0.00,-1.29,-1.68,-0.80,0.87,0.20,2.86
89,6.84,5.56,-1.88,0.42,-0.66,-2.72,0.15,1.15,0.73,0.03,-2.33,1.03,-0.41,-0.40
90,4.86,5.44,-1.64,1.64,0.29,-1.68,0.45,0.28,0.60,-0.67,-1.35,0.85,0.67,0.97
91,5.72,5.82,-1.96,0.69,0.28,-1.78,0.92,0.29,1.19,-1.53,-1.58,-0.08,0.08,0.37
92,5.23,4.22,-1.67,-0.27,0.10,-1.65,0.68,0.21,-0.07,-1.26,-0.59,0.32,-0.56,1.48
93,7.32,5.99,-3.01,0.11,-0.72,-1.99,0.67,0.79,0.83,-0.77,-2.47,-0.11,-1.14,-0.11
94,2.51,1.79,0.32,0.36,0.80,-0.58,-0.03,0.23,0.78,0.19,-0.42,1.94,0.64,1.95
95,4.99,2.63,-0.65,-0.05,0.12,-1.67,-0.50,1.02,0.74,0.42,-1.11,2.64,0.24,0.58
96,1.30,1.71,0.41,0.79,0.85,-0.41,-0.81,0.23,0.28,-0.82,0.66,2.56,1.44,2.48
97,3.15,4.22,-0.70,1.55,0.76,-0.66,-0.41,0.61,0.39,-1.02,-0.77,2.19,1.06,1.22
98,5.17,3.58,-2.25,1.11,0.18,-0.78,0.62,0.23,0.34,-0.55,-1.18,-0.17,-0.42,1.49
99,-0.36,-2.68,0.46,1.27,0.55,-1.57,-0.15,0.52,-0.74,-1.11,-1.32,2.50,-0.03,2.65
100,-2.26,-3.44,0.96,0.73,0.00,-1.44,-0.51,-0.02,-0.61,-2.43,-0.71,1.61,-0.15,3.52
101,4.02,5.06,-1.20,1.77,0.14,-1.06,-0.13,0.85,0.57,-1.16,-0.83,1.00,1.10,1.04
102,2.26,0.44,-0.25,0.48,-0.26,-1.74,-1.09,0.14,-0.68,-0.38,-1.69,2.92,1.26,1.56
103,2.40,4.13,-0.60,0.83,0.76,0.26,0.11,0.68,0.48,-1.97,-0.66,0.86,-0.14,2.23
104,5.45,5.67,-1.31,-0.03,0.28,-1.40,1.10,0.45,1.57,-1.26,-1.80,-0.75,-0.70,0.63
105,5.31,3.68,-2.27,1.28,0.08,-0.90,0.31,0.39,0.20,-0.41,-1.18,0.03,-0.89,1.42
106,3.10,2.68,-0.83,0.26,0.49,-1.20,-0.26,-0.18,-0.39,-0.06,-0.08,2.11,0.29,2.48
107,1.05,1.53,0.76,1.02,0.99,-0.33,-0.76,0.27,0.21,-0.85,0.64,2.67,1.29,2.49
108,-3.14,-4.88,1.99,0.81,0.67,-1.39,-1.87,0.28,-0.79,-1.28,-0.74,4.45,1.31,2.99
109,-0.60,-3.03,0.05,0.20,-0.43,-0.91,-0.77,-0.10,-1.57,-1.57,-1.61,1.92,0.47,2.46
110,-1.36,-3.50,0.92,1.32,0.26,-1.40,-0.83,-0.09,-0.30,-1.67,-0.65,2.83,-0.03,3.01
111,4.75,3.50,0.01,-0.07,0.12,-1.52,0.78,0.58,1.17,-0.53,-0.89,1.10,0.46,0.44
112,2.76,2.93,-0.41,0.18,-0.42,-0.72,-0.51,1.68,0.38,-1.55,-1.44,1.57,-1.04,1.42
113,5.76,4.74,-1.90,-0.41,0.01,-1.03,0.49,0.78,1.01,-0.53,-2.41,0.99,-0.82,0.45
114,4.21,3.53,-1.47,-0.53,-0.30,-1.56,0.39,0.79,0.50,-1.18,-2.50,-0.35,-1.17,1.19
115,0.77,-0.20,-0.64,1.54,1.04,-1.08,0.05,1.00,-0.56,-2.35,-1.09,1.23,-0.55,1.91
116,4.53,1.78,-1.71,0.53,-0.87,-1.57,0.26,0.51,0.51,-0.76,-2.27,0.46,-0.54,0.58
117,5.05,4.82,-1.08,-0.37,0.08,-1.11,0.45,1.16,0.81,-0.96,-2.13,0.64,-1.44,0.96
118,-1.21,-3.79,0.15,0.47,0.73,-1.86,-1.21,-0.05,-1.46,-1.59,-0.52,2.15,0.35,3.07
119,3.74,2.89,-1.67,0.79,0.74,-0.59,-0.08,-0.27,-0.25,-0.52,-0.59,1.16,0.13,2.21
120,7.17,5.87,-2.60,0.29,-0.52,-1.91,0.83,0.94,0.98,-0.80,-2.53,-0.38,-1.12,-0.27
121,3.38,3.80,0.47,-0.01,0.30,-0.80,-0.28,1.56,1.37,-1.09,-1.28,2.21,0.20,0.61
122,5.66,3.83,-0.98,0.49,0.49,-1.38,0.67,0.62,1.44,-0.81,-1.26,0.27,-0.24,0.00
123,3.67,2.34,-0.63,0.55,0.34,-1.46,-1.29,1.11,0.11,-0.75,-0.10,3.24,1.17,1.17
124,-0.38,0.23,0.44,0.87,0.78,-0.90,-0.76,1.14,-0.29,-1.57,-0.60,2.69,-0.19,3.22
125,5.38,5.45,-1.60,0.74,-0.09,-1.11,0.06,1.04,0.56,0.41,-1.93,1.73,-0.42,0.70
126,7.07,5.63,-2.70,0.27,-0.54,-1.83,0.81,0.94,0.92,-0.67,-2.43,0.10,-1.23,-0.02
127,-3.17,-4.97,1.37,0.97,0.79,-0.74,-0.95,-0.24,-1.42,-1.74,-0.92,3.18,0.67,3.65
128,2.55,3.55,0.13,-0.01,0.49,-1.26,-0.64,1.04,0.91,-1.50,-0.67,2.37,0.73,1.23
129,1.70,0.90,-0.90,0.49,-0.37,-1.66,-0.67,-0.21,-1.29,-1.32,-1.37,2.35,1.03,1.43
130,3.43,0.19,-0.57,-0.39,0.11,-2.36,-0.32,0.74,-0.90,-0.44,-1.55,2.41,0.58,0.98
131,0.76,-2.20,-0.73,0.91,0.43,-1.48,0.26,0.03,-1.34,-1.25,-1.87,1.25,0.06,2.14
132,-0.72,-0.05,-0.04,0.82,0.23,-1.12,-0.66,0.24,-0.14,-1.85,-1.02,1.53,-1.03,3.57
133,5.84,3.31,-1.41,0.30,-0.38,-2.44,0.00,1.01,0.62,0.22,-1.36,1.80,0.25,0.09
134,-1.43,-2.85,0.34,0.90,-0.15,-2.11,-1.75,-0.22,-0.94,-1.06,-0.74,3.21,2.22,2.36
135,-1.90,-4.52,1.05,0.59,0.24,-2.10,-1.56,0.21,-0.70,-1.29,-1.27,3.48,1.53,2.29
136,6.47,5.28,-2.00,0.25,-0.66,-2.68,0.13,1.18,0.96,-0.12,-2.26,1.11,-0.32,-0.33
137,-2.49,-4.57,1.13,0.47,0.07,-2.22,-1.75,0.17,-0.76,-1.29,-1.03,3.75,1.71,2.53
138,5.13,3.38,-1.61,0.26,-0.30,-2.54,-0.09,0.48,0.10,-0.28,-0.72,1.93,0.70,0.61
139,-2.25,-4.07,1.60,0.66,0.50,-1.39,-1.60,0.19,-0.62,-1.00,-0.90,4.06,1.08,2.79
140,-2.78,-4.53,1.84,0.73,0.65,-1.30,-1.70,0.28,-0.84,-0.90,-0.65,4.19,1.33,2.83
141,2.56,2.61,-0.84,0.76,0.76,0.29,-0.18,0.19,-0.40,-1.62,0.02,1.36,-0.10,2.82
142,0.91,-0.45,0.08,1.19,-0.56,-2.69,-1.78,0.44,0.81,-1.11,-0.76,3.20,0.82,1.91
143,2.57,0.15,-0.81,0.61,0.29,-2.89,-1.03,0.28,-0.77,-0.45,-0.80,2.24,1.15,1.52
144,4.08,5.52,-2.19,0.80,0.11,-0.35,0.48,0.57,-0.26,-1.77,-1.03,-0.34,-0.34,2.07
145,2.88,2.48,-0.29,0.45,0.18,-0.19,-0.58,1.07,0.31,-0.31,-0.17,2.15,0.11,2.05
146,7.68,6.55,-3.05,0.21,-0.75,-2.17,0.65,1.01,1.09,-0.74,-2.73,-0.41,-1.38,-0.15
147,0.48,1.66,0.43,0.37,0.08,-0.94,-0.55,-0.38,0.52,-1.32,-0.83,2.15,0.93,2.47
148,5.32,3.12,-0.87,-0.22,0.02,-1.85,-0.31,1.12,0.88,0.44,-1.13,2.63,0.11,0.31
149,4.42,1.50,-1.92,-0.07,0.10,-2.11,0.52,0.30,-0.41,-1.21,-1.57,0.73,-0.82,1.14
150,-3.04,-5.13,1.54,0.86,0.67,-0.89,-1.33,0.11,-1.09,-1.77,-0.83,3.31,0.63,3.55
151,-0.87,-0.17,1.41,1.39,0.49,-0.05,-0.75,0.45,0.17,-1.49,-0.17,3.03,1.51,2.85
152,1.89,1.31,-0.91,0.55,0.56,-0.91,-1.12,1.49,0.34,-1.32,-1.76,1.49,-0.42,1.31
153,3.60,0.75,-1.50,-0.29,-0.82,-1.62,-0.94,0.28,0.98,-1.18,-1.73,0.73,-0.24,0.77
154,4.32,2.36,-0.08,-0.07,0.62,-1.43,-0.18,0.57,1.10,0.17,-1.05,2.33,1.06,0.37
155,5.23,4.74,-0.46,0.06,0.29,-1.37,0.21,1.23,1.61,-0.29,-1.91,2.03,0.18,-0.35
156,7.13,5.78,-2.93,0.20,-0.72,-2.06,0.69,1.09,0.86,-0.89,-2.57,-0.32,-1.34,-0.01
157,1.56,-0.18,-0.17,0.65,0.04,-2.76,-1.87,0.42,0.63,-0.76,-0.05,3.34,0.79,1.84
158,3.51,0.50,-1.62,-0.44,0.30,-1.49,0.25,0.14,-1.00,-0.94,-1.66,0.86,-0.16,1.35
159,4.35,4.47,-0.10,-0.41,0.23,-1.44,0.37,1.12,1.36,-0.55,-1.64,1.64,-0.20,0.41
160,2.83,3.89,-0.59,1.61,0.78,-0.78,-0.68,0.65,0.68,-0.96,-0.75,2.17,1.11,1.35
161,3.95,3.30,-0.91,1.35,0.52,-1.62,0.07,0.03,0.27,-0.42,-0.36,1.27,1.11,1.35
162,-0.95,-0.31,1.31,1.54,0.42,0.02,-0.94,0.19,-0.03,-1.53,-0.11,2.83,1.98,3.15
163,4.89,3.82,-0.98,-0.14,0.06,-0.51,0.29,1.18,0.69,-1.38,-0.46,0.36,-0.58,1.27
164,3.03,2.11,-0.75,-0.70,-0.03,-2.32,0.08,0.71,-0.21,-0.94,-2.21,1.38,-0.21,1.28
165,-1.82,-2.99,-0.28,1.45,-0.23,-1.19,-1.35,-0.25,-0.56,-1.74,-1.49,1.37,0.05,3.54
166,4.31,2.56,-0.99,0.14,0.36,-0.37,-0.55,1.31,0.88,-0.97,-0.61,1.66,-0.27,0.90
167,0.64,-1.55,-0.58,2.13,-0.08,-1.57,0.17,0.03,-0.76,-1.29,-1.59,0.81,-0.43,2.99
168,4.07,1.83,-2.17,-0.04,0.14,-1.79,-0.33,-0.19,-1.00,-0.85,-1.29,0.79,0.38,1.48
169,5.37,5.70,-2.13,0.45,-0.10,-0.52,1.31,0.54,0.29,-0.94,-1.91,-0.69,-1.33,1.50
170,7.71,6.38,-2.98,0.39,-0.66,-2.07,0.70,0.88,1.02,-0.78,-2.70,-0.33,-1.45,-0.07
171,-3.60,-4.15,1.97,1.16,1.23,0.97,-0.80,0.37,-1.42,-2.15,-0.47,2.73,1.38,3.17
172,6.88,5.65,-2.69,0.27,-0.57,-1.84,0.55,0.84,0.65,-0.81,-2.50,-0.14,-1.19,-0.07
173,1.17,0.38,-0.48,1.12,0.73,-0.40,-1.33,0.24,-1.25,-0.69,-0.25,2.73,1.34,2.70
174,3.49,1.51,-0.80,0.21,-0.58,-1.13,0.88,0.70,0.43,-1.33,-1.93,0.25,-0.64,1.63
175,5.73,5.42,-2.63,1.02,-0.14,-0.68,1.06,0.33,0.15,-0.60,-2.08,-0.44,-1.12,0.85
176,5.26,5.62,-2.30,1.23,-0.28,-1.91,0.17,0.36,-0.01,-0.39,-1.54,0.95,0.32,0.82
177,2.15,-0.10,0.01,1.45,-0.38,-1.60,0.23,0.49,0.58,-1.29,-1.81,0.84,0.02,1.12
178,5.16,3.40,-1.42,-0.20,-0.13,-1.38,0.41,0.41,0.30,-0.86,-1.19,0.02,-0.91,1.39
179,6.76,6.45,-1.76,0.45,-0.01,-1.38,1.14,0.76,1.80,-1.17,-2.29,-0.33,-0.60,-0.37
180,5.10,5.27,-1.09,0.21,0.38,-0.24,-0.01,1.29,1.85,-1.30,-1.48,0.84,-0.11,0.02
181,6.91,5.43,-2.55,0.31,-0.51,-1.88,0.48,0.71,0.68,-0.74,-2.61,-0.18,-1.22,-0.04
182,6.45,6.09,-3.01,0.50,-0.27,-2.18,0.72,0.55,0.40,-1.44,-2.08,-0.01,-0.63,0.40
183,5.89,4.98,-1.22,0.09,-0.42,-1.90,-0.43,1.46,1.05,0.05,-1.98,2.41,-0.43,-0.14
184,-0.68,-1.51,-0.01,0.67,0.04,-1.08,-0.64,-0.73,-0.28,-2.13,-0.47,1.23,0.61,2.94
185,4.66,4.87,-2.27,1.32,-0.32,-1.81,-0.05,0.22,-0.22,-0.41,-1.39,1.15,0.30,1.45
186,-0.30,1.20,-0.25,1.56,0.21,-0.73,-0.90,0.63,-0.51,-2.10,-0.44,1.40,-0.16,3.32
187,4.52,3.83,-2.12,0.40,-1.04,-2.14,-0.59,0.24,0.53,-1.93,-1.70,0.45,-0.47,0.76
188,-0.77,-2.97,1.20,0.54,1.45,0.54,0.53,-0.01,-0.78,-1.52,-1.75,1.72,0.85,2.33
189,2.03,-1.00,-1.00,0.27,1.03,-0.82,0.38,-0.29,-1.81,-1.31,-1.38,1.02,-0.11,2.11
190,0.33,1.65,0.26,0.63,0.19,-1.06,-0.88,-0.38,0.70,-1.53,-0.63,2.14,0.60,2.43
191,0.88,-1.77,-0.79,-0.06,-0.37,-1.95,-1.06,0.29,0.39,-1.76,-2.12,1.07,-0.24,1.65
192,-1.38,-1.95,0.41,0.42,0.68,-1.15,-1.07,0.12,-1.32,-1.79,-1.44,2.42,-0.34,2.96
193,4.53,3.03,-0.76,0.10,0.12,-1.05,-0.89,1.45,0.95,-0.20,-0.40,2.68,0.38,0.37
194,-0.72,-1.85,2.00,0.26,1.26,-0.52,0.50,0.12,-0.67,-1.31,-1.07,2.97,0.95,2.56
195,0.04,-3.08,-0.50,0.53,0.92,-2.25,-0.62,0.10,-1.67,-0.70,-1.04,1.34,0.07,2.64
196,0.21,-2.30,-0.38,0.02,-0.05,-0.40,-0.29,0.04,-1.05,-1.71,-2.32,1.13,0.50,2.03
197,-0.87,-1.77,-0.27,0.62,0.24,-2.01,-1.16,0.23,-1.27,-2.18,-1.77,1.69,-0.34,2.45
198,7.08,5.91,-2.84,0.20,-0.45,-1.96,0.77,1.01,0.88,-0.87,-2.57,-0.29,-1.31,-0.04
199,6.94,5.60,-2.73,0.35,-0.61,-1.88,0.53,0.99,0.64,-0.87,-2.57,0.08,-1.18,0.03
200,5.48,3.57,-1.63,0.47,0.01,-2.87,-0.34,0.46,-0.01,-0.07,-0.75,1.83,0.49,0.50
201,-2.14,-2.59,-0.03,1.99,0.19,-0.43,-1.39,0.37,-1.01,-1.95,-0.93,1.57,0.75,3.68
202,5.98,5.95,-2.14,1.20,-0.54,-1.70,0.20,0.90,0.59,0.27,-1.92,0.97,-0.40,0.43
203,4.69,3.64,-2.33,1.41,0.39,-1.11,0.40,-0.17,-0.45,-0.81,-0.74,0.27,-0.16,1.97
204,3.82,2.47,0.12,0.31,0.51,-0.88,-0.75,1.36,1.48,-0.62,-0.54,2.72,0.96,0.39
205,4.64,4.94,-1.47,-0.47,0.34,-1.34,0.45,0.65,0.36,-1.33,-1.50,0.76,-0.85,1.41
206,-1.46,-1.13,1.24,0.08,0.98,-0.42,-0.05,-0.12,-0.59,-2.44,-1.04,1.90,0.01,2.96
207,1.42,-1.18,-0.98,1.11,-1.01,-2.87,-0.52,0.27,0.11,-1.89,-1.62,1.21,-0.61,1.89
208,7.33,5.98,-2.81,0.30,-0.62,-2.09,0.50,0.81,0.77,-0.82,-2.66,-0.33,-1.28,-0.17
209,0.51,-2.45,-0.68,-0.37,0.05,-1.36,-0.66,-0.12,-1.59,-1.45,-1.10,1.60,0.24,2.36
210,1.88,-0.19,-0.60,0.59,-0.25,-2.87,-1.59,0.19,-0.46,-0.95,-0.69,2.65,1.08,1.67
211,4.70,3.75,-1.72,1.19,-0.02,-0.06,0.06,1.02,0.52,-0.92,-0.45,0.40,-0.36,1.24
212,-0.29,0.60,1.00,0.47,1.26,-0.37,-0.34,0.42,-0.53,-1.68,-0.28,3.23,1.44,2.14
213,5.21,5.56,-1.92,0.64,-0.23,-0.72,1.19,0.48,0.31,-1.01,-1.87,-0.37,-1.64,1.56
214,-0.49,0.49,-0.19,1.49,0.82,0.14,-1.15,-0.11,-0.85,-1.71,-1.09,1.22,0.90,2.76
215,1.75,-1.41,-0.35,-0.08,0.73,-1.32,0.02,-0.10,-1.95,-0.23,-0.89,2.56,1.16,1.70
216,0.99,1.57,0.86,0.80,1.08,0.00,-0.46,0.39,0.01,-0.93,0.58,2.55,1.26,2.48
217,-0.22,0.56,1.22,0.66,1.07,-0.59,-0.50,0.59,-0.48,-1.64,-0.09,2.86,1.22,2.18
218,3.53,2.69,-0.48,0.51,-0.61,-2.06,-0.44,0.76,1.53,-1.29,-1.87,1.63,0.35,0.07
219,5.62,5.94,-2.27,1.33,-0.27,-0.05,0.33,1.04,0.55,-1.35,-1.57,-0.04,-0.79,1.00
220,6.90,6.51,-3.22,0.42,-0.22,-2.23,0.62,0.30,0.32,-1.20,-2.03,-0.28,-0.41,0.51
221,5.92,3.34,-1.38,0.31,-0.45,-2.55,-0.23,0.97,0.56,0.16,-1.44,1.62,0.15,-0.06
222,1.11,-0.46,0.04,0.87,0.75,-2.41,0.06,-0.16,-1.07,-0.96,0.07,2.19,0.85,2.65
223,3.57,4.69,-0.83,1.20,0.37,0.13,0.78,0.91,0.88,-1.78,-1.20,-0.35,-0.64,1.39
224,4.42,2.14,-0.65,0.23,0.21,-1.75,-0.47,0.94,0.72,0.20,-1.13,2.67,0.02,0.54
225,4.67,2.33,-0.60,-0.01,-0.10,-1.58,-0.39,0.97,0.84,0.19,-1.24,2.50,0.33,0.53
226,5.71,3.77,-2.40,0.44,-0.04,-2.21,0.12,0.21,0.10,-1.10,-1.00,0.31,-0.12,1.01
227,3.75,3.02,-0.99,1.43,0.65,0.07,0.29,0.55,1.01,-1.25,-0.40,0.34,0.38,1.16
228,-2.49,-4.38,1.76,0.52,0.60,-1.17,-1.67,0.09,-0.94,-1.07,-0.76,4.03,1.27,2.87
229,4.53,3.07,-1.49,0.65,0.52,-0.33,0.20,0.26,0.60,-0.25,-1.08,1.03,-0.47,1.76
230,2.51,2.26,-0.52,0.52,1.26,-0.41,0.33,-0.32,0.43,-1.14,-0.30,0.92,0.22,2.59
231,6.34,5.90,-3.08,0.38,-0.27,-2.40,0.49,0.64,0.35,-1.26,-1.80,-0.09,-0.66,0.54
232,1.45,-0.63,-0.57,0.76,-0.28,-2.90,-1.29,0.32,-0.35,-0.55,-1.79,2.05,1.47,1.54
233,1.73,0.35,-1.43,0.36,-0.49,-2.98,-0.79,0.56,0.40,-1.86,-2.02,1.11,-1.04,1.58
234,1.37,-1.83,-0.58,0.46,-0.25,-2.73,-1.17,0.17,-0.80,-1.42,-0.97,1.62,-0.42,2.13
235,-2.06,-4.38,1.33,0.52,0.13,-1.98,-1.63,-0.06,-0.77,-1.27,-1.01,3.27,1.50,2.43
236,0.50,1.58,-0.07,1.07,0.76,-0.27,-1.32,0.49,-0.46,-1.09,-0.94,2.68,1.53,1.98
237,6.29,5.62,-2.76,0.52,-0.21,-2.16,0.66,0.33,0.13,-1.27,-2.06,-0.11,-0.45,0.68
238,0.19,-1.74,0.09,1.73,0.31,-2.28,-0.55,-0.08,-1.56,-0.84,-0.96,2.75,1.56,1.97
239,7.57,6.51,-2.80,0.28,-0.63,-1.72,1.00,0.99,1.02,-0.71,-2.51,-0.28,-1.22,-0.16
240,0.83,1.39,0.83,0.92,0.98,-0.12,-0.80,0.12,0.19,-1.05,0.61,2.66,1.43,2.40
241,0.28,-0.59,-0.24,0.75,-0.85,-2.51,-1.10,-0.07,0.18,-2.06,-0.90,1.30,0.20,3.00
242,4.60,2.94,-0.89,-0.86,0.32,-0.61,0.42,0.82,0.60,-0.54,-1.09,1.17,-0.70,1.49
243,0.61,-0.57,0.29,1.21,0.08,-0.67,-0.79,0.75,-0.69,-1.41,-0.54,3.42,1.69,1.99
244,1.84,-1.27,-0.69,0.77,0.29,-0.75,0.95,0.01,-1.15,-1.46,-1.84,0.98,-0.12,1.67
245,3.67,1.80,-0.96,0.83,-0.80,-2.29,-0.03,0.42,-0.10,-0.78,-1.63,2.13,1.03,0.79
246,1.31,-0.73,0.67,1.26,0.21,-0.94,-0.04,0.70,0.74,-1.10,-1.95,1.51,0.07,1.21
247,2.11,1.81,0.09,0.38,0.77,-1.28,-0.50,1.42,0.76,-1.46,-1.30,2.73,0.54,0.85
248,4.81,3.57,-1.98,0.75,-0.07,-1.24,-0.28,0.76,0.15,-1.55,-0.39,0.75,0.38,1.13
249,0.31,1.60,-0.17,1.41,0.53,-1.15,-0.90,0.44,-0.12,-1.32,-0.27,2.61,0.18,2.99
250,4.19,1.02,-1.85,-0.09,-0.10,-1.87,-0.31,0.54,0.41,-0.43,-1.89,0.71,-0.39,0.65
251,1.17,1.69,0.62,0.78,1.00,-0.35,-0.75,0.33,0.21,-0.90,0.53,2.58,1.22,2.49
252,-2.69,-3.38,2.71,0.26,0.90,-0.26,-0.54,-0.13,-0.25,-1.80,-0.51,3.44,1.39,2.92
253,-1.20,-1.97,-0.64,1.85,-0.48,-1.59,-1.89,-0.66,-0.73,-1.49,-1.07,1.43,1.03,3.61
254,4.15,0.98,-1.57,0.85,0.18,-2.61,0.01,0.80,0.63,-0.76,-1.43,0.58,-0.77,1.04
255,5.14,5.56,-1.90,1.41,-0.52,-0.88,-0.02,1.64,0.56,-0.50,-1.36,1.25,-0.04,0.51
256,4.37,4.82,-2.31,1.00,0.48,-0.89,0.04,0.09,-0.06,-1.06,-1.74,0.84,-0.53,1.88
257,-1.01,-3.47,-0.09,1.16,-0.16,-1.72,-0.64,-0.16,-1.36,-2.03,-1.24,1.84,-0.05,2.86
258,5.13,5.30,-1.83,0.47,0.10,-0.60,1.12,0.43,0.03,-0.78,-1.78,-0.65,-1.22,1.67
259,-3.16,-5.20,1.69,0.89,0.55,-0.78,-1.44,0.13,-1.24,-1.81,-0.71,3.31,0.63,3.65
260,7.31,5.92,-2.81,0.21,-0.52,-1.81,0.83,0.92,0.62,-0.76,-2.45,-0.37,-1.22,0.03
261,-2.59,-4.31,1.77,0.86,0.52,-1.35,-1.68,0.05,-0.85,-1.28,-0.89,4.15,1.51,3.13
262,-1.76,-2.06,0.13,1.30,-0.20,-1.23,-0.85,-0.05,-0.20,-2.00,-0.92,0.76,-0.50,3.97
263,3.04,3.21,-1.66,2.03,-0.02,-1.09,-0.46,1.10,0.72,-1.46,-1.28,0.36,-1.07,1.43
264,2.12,1.30,-1.61,0.99,0.02,-1.20,0.27,0.19,-1.73,-1.18,-2.24,0.43,-0.72,2.36
265,1.34,-1.78,-0.70,0.90,-0.34,-1.08,-0.45,-0.02,-1.40,-0.67,-2.54,1.21,0.10,1.77
266,5.94,5.02,-1.79,-0.11,-0.10,-1.32,0.16,1.17,1.18,-0.57,-2.43,0.94,-1.25,0.26
267,1.32,-1.38,-0.60,1.20,-1.03,-2.93,-0.51,0.64,0.22,-1.90,-1.72,1.37,-0.83,1.98
268,-0.93,-3.97,-0.03,1.16,0.57,-1.93,-0.27,-0.25,-1.87,-1.14,-1.94,1.67,0.22,2.85
269,2.91,2.95,-1.07,0.11,0.49,-1.90,-0.18,0.66,0.59,-1.35,-1.22,0.85,-0.80,2.11
270,6.01,5.76,-2.85,1.12,-0.43,-0.77,0.89,0.43,0.51,-0.75,-2.11,-0.47,-1.19,0.74
271,2.20,-0.75,-0.50,0.26,0.38,-3.35,-0.94,0.64,0.33,-0.61,-1.22,2.25,0.38,1.32
272,6.29,6.05,-2.79,1.23,-0.09,-0.92,0.69,0.57,0.37,-0.68,-2.24,-0.41,-1.01,0.95
273,0.92,-2.31,-0.83,0.62,-0.26,-2.63,-0.65,0.38,-0.74,-1.18,-2.21,1.46,-0.26,1.99
274,2.48,-0.60,-0.74,0.72,-1.37,-1.92,-0.98,0.22,-0.41,-1.32,-2.17,1.25,-0.45,1.38
275,3.46,5.13,-1.20,0.26,0.03,-0.64,-0.25,0.66,-0.14,-0.97,-0.86,1.94,0.09,1.86
276,6.50,5.34,-1.96,0.35,-0.72,-2.47,0.30,1.15,0.89,-0.11,-2.26,1.17,-0.23,-0.47
277,-0.45,0.77,1.12,0.53,1.06,0.17,-0.49,0.75,0.14,-1.52,-0.61,2.57,0.32,2.55
278,-0.70,-0.91,0.29,0.85,0.45,-1.34,-1.55,0.36,-0.53,-1.12,-1.54,2.86,0.11,2.89
279,-1.46,-1.65,1.30,1.00,0.42,-0.68,-0.55,0.36,-0.50,-1.97,-0.30,2.29,2.21,2.46
280,-1.68,-3.25,-0.01,1.47,-0.20,-1.84,-1.70,-0.71,-1.52,-1.76,-0.81,2.00,1.11,3.06
281,4.02,4.68,-1.50,0.33,0.46,-0.56,0.45,0.06,-0.14,-1.13,-1.23,0.65,-0.66,2.34
282,5.14,4.28,-1.13,0.07,-0.06,-1.88,-0.14,1.30,0.89,0.06,-1.94,2.34,-0.39,0.03
283,7.57,6.38,-2.84,0.15,-0.58,-1.73,0.87,1.05,0.66,-0.73,-2.66,-0.08,-1.42,-0.24
284,-1.22,-2.61,1.01,0.34,0.54,-0.37,-0.35,-0.03,-0.01,-2.03,-0.73,2.10,-0.47,3.06
285,4.45,4.72,-0.97,-0.28,0.02,-0.33,-0.15,1.57,0.88,-1.47,-1.40,0.94,-1.10,0.96
286,0.62,-0.19,-0.76,0.10,-0.22,-1.02,-0.50,-0.30,-0.46,-1.54,-0.67,0.39,-0.57,3.20
287,2.91,-0.25,-1.29,0.86,-0.91,-1.86,-0.17,0.38,-0.74,-0.74,-2.71,0.93,-0.30,1.03
288,7.37,6.15,-2.66,0.12,-0.68,-1.95,0.76,0.99,0.93,-0.81,-2.58,-0.34,-1.35,-0.35
1,2.377815514,0.58094509,1.743575428,0.958005952,-0.190235609,-0.954678045,-0.273752012,1.907514713,-0.977625112,-2.451750755,-0.478736376,2.619047334,-0.293611858,1.250810096
2,4.548280793,1.610872838,0.119140511,2.084679531,-0.183336636,-1.624413902,0.134542897,-0.21767896,-0.514361717,-2.380066252,-1.12525735,0.849456744,0.157688437,1.766759239
3,-2.490788401,-1.162876244,0.740125795,0.789483523,0.783934838,-0.761965877,-1.415494427,0.255595786,-0.842938253,-2.229710991,-1.319746798,2.306936117,-1.772826966,1.36825172
4,1.066309121,0.530444157,-0.099848429,1.923648515,-0.278670565,-1.090918671,-1.128168472,1.016481206,-0.454070684,-1.947206265,-1.58196687,0.947564376,-0.731467484,0.823312138
5,3.308167889,0.844215493,1.258245847,1.992325608,-0.367589785,-0.521354819,0.027301744,1.948644056,-0.486098018,-1.85551348,-0.933856952,2.569605008,0.197121541,0.675899763
6,-2.174149115,-0.745329055,0.070275956,0.707006005,0.201189388,-1.09141782,-1.838444989,-0.272265719,-0.999841169,-2.432598466,-1.233588892,1.24262099,-1.56041058,0.686000577
7,-1.944283924,-0.570709218,-0.199482311,1.214453708,-0.853654118,-0.840998648,-2.173308683,-0.905938442,-0.178034708,-1.493510136,-1.679233866,-0.174867459,-1.394384056,1.587763585
8,2.527590724,0.349120734,0.534681521,1.566939346,-0.449231078,-2.13976493,-0.525251196,-0.474076154,-0.275007614,-1.227821945,-0.879709184,0.471026918,-1.459826355,2.210078198
9,4.322230735,1.407135969,0.92027148,1.515553487,-0.119687016,-1.230868572,0.131528129,0.188876513,-0.076194597,-1.594258819,-1.439812425,0.24603106,-1.041942775,2.194501503
10,-0.286112562,0.038816409,0.589270791,0.755425641,-0.999166788,-1.845329615,-1.368183898,-0.408678988,0.046275137,-2.402516038,-1.349228426,0.435616582,-1.233884897,1.840135747
11,1.883430882,-0.156951123,0.735973481,1.451272215,0.017058823,-2.475294163,-0.10281281,-0.206337155,-0.678087329,-1.954673205,-0.86938162,1.070483254,-1.625818937,2.274867554
12,-2.846390417,-1.862170251,1.294482643,0.615021085,0.485976376,-0.529126085,-1.365121446,0.282841193,-0.921858984,-1.982735871,-0.918073291,3.695654022,-0.585874723,0.863749442
13,-1.317482722,-1.525848251,0.030958447,1.342193972,-0.346543301,-1.280827062,-0.810630393,0.086944321,-0.462923912,-2.150273572,-0.894391777,1.762167411,-1.654238739,0.707371063
14,1.537552201,1.299032514,1.214487205,2.114991589,0.278720217,-0.251734077,-0.286007482,0.811097929,-0.239090976,-1.685012418,-0.563492672,2.112470111,1.124275315,1.564084208
15,1.727067994,2.865586823,0.968710973,1.990236783,-0.574147881,-0.877777877,0.082733461,0.610305503,-0.134049402,-2.067981987,-1.234719812,0.565325103,1.261996341,1.76583531
16,0.910399045,-0.173542575,1.673243466,1.192492436,-0.013283141,-0.509757932,-0.066498668,1.360500385,-1.72355871,-2.801973306,-0.262832044,2.346761356,-1.210331952,1.410223567
17,1.853645979,2.195645306,1.242766634,1.197341316,0.211471025,-0.300908601,-0.66116106,0.62706996,0.177311242,-2.871362518,-1.532151564,0.449331212,0.526235265,1.648743091
18,1.869608854,2.270043374,1.044000806,1.553888254,-0.566299813,0.006074752,-0.533630132,0.916653992,-0.088791195,-0.94453883,-1.540062352,1.095694321,-0.329545762,1.692372277
19,-0.299779565,2.13926822,1.453598079,1.114847468,-0.513099512,-0.936112609,-1.190945917,-0.954435612,0.176512506,-1.741622487,-1.391370602,0.27228274,0.400822789,1.931637125
20,-1.210865134,-1.619985253,0.436135979,1.376463519,-0.336199617,-1.24673949,-0.809818866,-0.065032514,-0.537130719,-2.46187856,-0.850040696,1.916088747,-1.63320994,0.701282356
21,-1.651179047,-2.019943318,0.163456854,0.944138954,0.626642102,-0.556555175,-1.312233648,-0.518889221,-0.390114753,-2.343511358,-1.426863446,1.159535408,-1.448564217,0.818664637
22,-0.499156983,-1.305455921,0.908218705,1.327416971,-0.391608226,0.369465554,-1.408116491,-0.236390393,-0.764444902,-1.48129221,-1.514751633,1.899821572,-1.187358037,1.235256509
23,-0.571985671,-0.092066501,0.494340362,0.766926128,-0.958699938,-0.474912165,-1.687439333,-0.416723922,-0.389298403,-1.270048711,-1.754446313,0.964276156,0.085934256,1.176892358
24,-1.324896061,1.216884329,0.697802913,1.098336232,-0.434332802,-1.342080799,-1.354249319,0.554504238,-1.033708,-2.70371254,-0.440448008,0.87523008,-0.242514955,1.166610702
25,-0.780063228,1.04536773,0.319946479,1.396958463,-1.603875305,-1.431874167,-1.83723871,-1.033141296,-0.144804119,-1.607822577,-0.891113385,-0.680891967,-0.554860662,2.134754922
26,-0.436715476,0.781466139,1.343218275,0.71389997,-0.37469032,-0.676470333,-0.704988394,-0.591799365,0.181439069,-1.569342935,-1.62164378,0.059694807,0.042966987,0.480061989
27,1.65215651,2.743572991,0.821511466,1.325440541,-0.806892063,-0.463489629,-0.430970573,0.913730739,-0.538341091,-1.573291169,-1.163053731,1.395751615,0.454425964,1.955382918
28,3.092302821,0.78726563,-0.080294688,1.565508091,0.161371671,-1.643120686,-1.084064145,-0.400456925,-0.365703552,-2.063301226,-1.377714077,0.476942124,-0.13800665,1.462064582
29,1.504171502,0.583358933,0.821947913,1.874213867,-0.757227539,-0.425276061,-0.893592219,1.450511771,-0.745630578,-2.698078344,-1.340259863,2.443513478,0.113662021,1.514719061
30,0.082538283,-0.48968618,-0.579930389,2.102374177,-0.501533515,-1.111951015,-1.179079482,-0.954667956,-0.183713165,-0.537753637,-2.221246244,-0.358945792,-1.041481308,1.780300288
31,2.082833757,-0.411460811,0.08885043,1.375982437,0.050649883,-1.74082784,-0.778857584,-0.231734238,-0.830750784,-1.970722217,-1.268536525,1.170793941,-1.407498495,1.262821959
32,0.686148137,-0.717731378,0.371815256,1.452322352,-1.127427762,-0.219808067,-0.95792345,-0.158881729,-0.938835274,-1.7900844,-1.351372896,1.355454645,-1.329789041,0.640591542
33,3.96989265,1.641246797,-0.320673849,2.319054938,-0.077203692,-1.404912626,0.076064517,-0.298958874,0.191922101,-1.798736408,-2.430952619,0.226907362,-0.861920819,1.471933949
34,2.744711933,0.61600255,-0.125579426,1.713467199,0.416623484,-1.274791905,0.468390992,-0.028918747,-0.542209362,-2.38870647,-2.163132061,1.17601634,-1.271882843,1.12223165
35,-1.550698715,-1.805259687,0.986191487,1.086819555,1.256488896,-0.373855605,-1.383123832,1.190321551,-1.534100462,-2.408989992,-0.083828672,3.147859032,-1.031261491,1.245066005
36,0.646101937,0.416199735,-0.20817548,1.856302909,-0.787073803,-1.651701299,-1.97924654,-0.979897659,-1.028162956,-1.524708864,-0.399193685,0.293545493,-0.638743589,2.047008591
37,-1.514397796,0.745565089,0.165483195,0.760426265,-0.234525484,-1.816939949,-1.847067767,-0.43759403,-0.972412839,-2.05550166,-1.075920758,1.612075521,0.264106333,0.6023325
38,-2.112314233,-0.767030438,-0.271797523,1.236200518,-0.561721776,-0.936183409,-2.089263106,-0.564273472,-0.273935066,-1.620285922,-1.450587954,0.306371237,-1.533746252,1.689535834
39,-1.579521589,0.247995132,0.947722726,0.645041385,-1.353787599,-1.484631478,-1.8912545,-0.339907447,-0.934586725,-2.166799516,-0.317058961,0.476607705,-0.497981859,1.483148476
40,0.401168689,-0.830939911,0.27213251,0.848803816,-0.05050994,-1.997962581,-2.262345339,-0.496545522,-0.616701314,-2.209381273,-1.038015968,0.587454746,-1.327500067,1.422723796
41,1.930473976,-0.723478085,0.086172807,1.709944005,0.110183076,-0.940994852,-0.179474337,0.307192102,-0.91094334,-2.286682937,-2.396587262,1.500363059,-0.845831673,1.27001464
42,0.505071288,0.45336482,-0.154439845,1.989051438,0.237212834,-1.818454903,-0.371083215,-0.224005959,-1.404476155,-1.995228864,-1.395682316,1.364992707,-0.541795417,1.073288201
43,0.335809602,-1.014951813,0.345742322,0.980272695,-0.129198335,-1.957006299,-2.28389586,-0.223899565,-0.768351435,-2.336273369,-0.991677506,1.166131417,-1.576911301,1.379604419
44,0.237224599,1.278031228,-0.434482392,2.009745741,-0.818144487,-1.636209449,-1.701715473,-0.935015959,-0.604347295,-1.857760807,-1.241918666,-0.192286787,-0.679646579,1.876810172
45,3.342326,2.06996359,1.664173069,1.325685057,-0.185824636,-1.818507436,0.430718761,-0.493954165,-0.328876028,-1.671554433,-0.797108679,0.868023768,1.058804342,1.68625263
46,4.328678319,1.891084265,-0.200206678,2.252222495,-0.250353158,-1.286001731,0.294486358,-0.13881944,0.23533542,-1.771939303,-2.483536113,0.043117034,-0.71547321,1.4069395
47,-0.850780446,1.240916954,1.158639408,1.538726883,-0.751095516,-0.126146214,-1.200616031,0.406234664,-0.148214441,-2.218693326,-0.838595603,0.491427725,0.21615597,2.258585507
48,-1.271867589,-1.845617361,0.34698311,0.706051131,0.368412382,-1.193793476,-1.809697347,-0.373230694,-1.204021022,-2.255329599,-0.165233957,1.853710085,-1.83283469,1.022469492
49,-1.121441837,-1.836279768,-0.157222929,1.629640732,0.619936003,-1.36378942,-0.606185142,-0.510099618,-1.112284543,-1.734147541,-1.771776016,1.642597399,-1.44700489,0.84744913
50,3.670445718,2.321787225,1.584507358,1.408767703,-0.85467145,-1.606956312,-0.674579217,1.333515788,-0.932013872,-2.399007499,-0.356002952,1.689841414,0.640715869,1.6259984
51,-1.604706713,0.453001603,0.852694025,0.432419478,0.346957945,-1.299284978,-0.364201178,1.61620219,-0.86827945,-2.269979379,-0.662801995,2.268017408,-0.410986184,0.745835141
52,-2.150390436,-0.416302557,0.407140528,1.233284857,-0.447149745,-0.702383483,-1.85929232,0.822470277,-1.343710681,-2.522552801,-0.514265904,1.623774378,0.047985165,0.602706995
53,3.683428534,1.959267557,0.344721216,2.548958564,-0.311228944,-1.493451909,0.160536327,-0.09079446,-0.751096919,-1.070059554,-0.85639507,1.460877326,0.398799977,1.94967902
54,-0.647811359,-1.050226466,0.109552469,1.073463317,-0.621963644,-1.659791505,-1.667145204,-0.302624189,-0.442385668,-2.236484527,-1.779255462,0.774660424,-1.193303931,1.226918827
55,-1.960420735,0.420188414,1.477768695,0.404165582,0.479195485,-0.41591835,-0.342585282,1.172374799,-0.429986554,-2.592880593,-1.108069628,1.473804657,0.348656994,0.192221725
56,-1.649247741,0.158884914,-0.458290649,1.709409852,0.097872311,-0.642099208,-1.584970928,0.772956896,-0.534708124,-2.108063208,-1.594710853,0.634177746,-0.763311398,1.330731981
57,0.368438253,-1.23621874,0.30181374,1.497789073,-0.00846524,-1.744095345,-0.613560183,0.113295469,-1.021808028,-2.39890385,-0.176923013,2.119748486,-2.032678712,1.138878863
58,-0.377844955,-0.053895585,1.951351609,1.15469688,0.398956368,-0.322951364,-1.187698283,0.814748137,-0.967390629,-2.646439055,0.147725788,1.703246297,0.201090006,1.625692049
59,3.868693787,2.585723461,0.197476612,1.987837443,-0.479617914,-1.934240614,0.585066844,0.203093852,-0.606071151,-1.845191345,-1.744098217,1.731207318,0.3990134,0.98791223
60,1.163416041,0.794768249,0.739276077,1.316836189,-0.883495422,-0.913557391,-1.616728256,1.088443011,-1.086762427,-2.228419162,-1.557934481,2.148141577,1.135631901,0.36418699
61,2.562803872,0.107811394,0.203876366,1.800022403,-1.027019986,-0.673640275,-0.706725101,-0.499878279,0.279970481,-2.173616903,-1.709293834,0.538861828,-0.971535928,1.111208796
62,1.22174792,-0.109097294,0.187099647,2.029082682,0.458752322,-1.311663624,-0.367600258,-0.001606155,0.147776993,-2.061827003,-1.753495973,1.518174528,-0.655887139,1.762834753
63,2.441643256,2.253158178,0.29330779,1.061262568,-0.868121997,-2.11102564,-0.663791549,-0.367487645,-0.589197906,-1.93133582,-1.877475798,-0.239647235,-0.338361388,1.855977552
64,0.689831071,-0.716661227,0.556091358,1.407745446,-1.10264111,-0.191273537,-0.939203999,-0.320378722,-1.021297449,-1.655515551,-1.370620781,1.041796996,-1.177772152,0.783032872
65,-1.868555897,0.054025314,1.605074306,0.360924826,0.346641422,-0.290847302,-0.771465071,-0.276414925,-0.353449955,-2.27551236,-0.915744307,0.888427234,-0.958412582,1.363132379
66,-1.295924324,0.343113981,0.57117378,1.278195976,0.063125798,-1.447109642,-1.633276998,1.200593748,-1.483678743,-2.333121257,-0.930366547,2.174412521,0.772304095,0.676623411
67,-2.37004908,-0.874532133,0.185973916,0.547516948,0.303080972,-1.180272515,-1.790171317,-0.551608816,-1.192078643,-2.250389319,-1.139885549,1.193737082,-1.535568838,0.549046658
68,0.483088955,2.07592295,0.86882995,1.176364676,-0.289969979,-0.428184602,-1.109260402,-1.472011895,0.587548407,-1.973390676,-1.455748225,-0.741529463,-0.158921475,2.263747031
69,-1.240140583,0.944927175,1.445898416,0.569827072,0.039175167,-0.341312174,-0.817935547,-0.434957836,0.324342204,-1.651047545,-1.501047243,0.685093767,-0.389950108,1.804934047
70,2.579796733,-0.748368854,0.395138111,2.055078498,0.661767915,-0.405233995,0.466806077,0.059359288,-0.79214173,-1.673711104,-1.185945916,1.918437319,-1.2902563,1.070164992
71,-0.691868889,1.541375309,0.740193771,1.54624999,0.230216517,-0.249095006,-1.345996695,0.657818737,-0.363561508,-1.976890613,-1.778892681,1.644326159,0.895203976,1.040446657
72,-2.212837518,-0.358853346,1.578877112,0.6904355,-0.083116987,0.03529554,-0.756369799,0.934913543,-0.65905522,-2.927434139,-0.797707113,0.975047486,-0.113310901,0.888738906
73,-2.961058221,-2.011178059,0.936480036,0.811450196,0.307825606,-0.353247152,-1.540471122,-0.018397901,-1.171160867,-2.240210914,-0.855384957,2.813125939,-1.693203407,1.255929947
74,-1.514319812,0.231500979,-0.407719334,1.311130414,-0.293945287,-1.20561708,-1.972619289,-0.532074509,-0.334077216,-1.616531965,-1.716104397,-0.303348385,-1.457766034,1.564973158
75,4.138911316,2.141709637,0.627886158,1.507615973,-0.537779659,-1.285461326,0.390943072,-0.228774558,0.176666589,-1.692643745,-2.181878386,-0.564844123,-0.863873554,2.077390537
76,1.38046927,0.447671607,-0.195485798,1.132942246,0.076519611,-1.525666472,-0.650548579,-0.118143167,-0.787110247,-1.842279951,-2.534404984,0.514202736,-1.243489145,0.799387275
77,1.086603212,-0.652827484,0.359990239,1.997836191,-0.065576727,-1.104781391,0.666200195,0.306190666,-0.410696823,-1.120699372,-1.501415442,2.522629592,-0.331951422,0.591415524
78,0.572335882,0.307198022,-0.37823775,1.095693511,-0.543337071,-1.601575657,-2.004790999,-0.564573083,0.159339599,-1.656601201,-2.079522256,-0.267227042,-1.166841039,1.202502719
79,-0.061662675,0.629257103,1.140679202,1.275266182,-0.709111613,-0.965509351,-1.293395392,1.137461124,-0.511249238,-2.484672772,-0.607499587,1.736266754,-0.288482954,1.865913337
80,3.497648379,1.785036086,0.532398572,2.097753701,0.388085482,-0.932622942,0.654195879,0.112812444,0.779594566,-2.015724448,-2.369275578,-0.292746941,-0.025256993,1.023792055
81,-0.354066526,-0.666665759,-0.02395238,0.934766423,-0.745955121,-1.653443015,-1.84845575,-0.215665511,-0.403104385,-2.300143774,-1.844749665,0.676730633,-1.203375816,1.093871108
82,0.608939479,0.055371963,0.300003267,0.747603783,-0.682410157,-1.11117634,-2.086244561,-0.918888619,-1.726471057,-2.232825838,-0.439363953,1.189266604,-0.373622312,1.00087912
83,-3.35654651,-2.163082406,1.061181337,0.817171324,0.392660858,-0.356200004,-1.61176618,0.141701286,-0.993160382,-2.147838478,-0.899548612,2.679611294,-1.412194884,1.158289175
84,-1.582594603,-2.11889237,-0.018342102,0.959944689,0.385148079,-0.390480246,-1.448745099,-0.545458958,-0.485344967,-2.314330566,-1.52073779,1.373640947,-1.672749058,0.788010136
85,-2.739089839,-1.921239106,1.008425347,0.704664932,0.338174274,-0.347502062,-1.409519673,0.195670964,-1.175667392,-2.286211945,-1.149611873,2.831384597,-1.419509063,1.221892131
86,2.755951709,1.565701357,-0.36525076,2.422959309,0.380066263,-0.334778576,-0.150231244,-0.393428061,0.710230779,-1.048812785,-2.410776813,0.333651529,-1.160017575,2.184191989
87,0.752112696,0.417774057,1.29716887,1.295877359,0.99235892,0.16216631,0.493372195,-0.291347456,0.185650371,-1.846587964,-1.757471676,0.696490756,-0.814018864,1.336882209
88,-0.038058433,-1.740099121,0.805163735,1.368735855,1.043529944,0.366876704,-0.034112827,0.280538853,-0.994497096,-2.117234922,-1.882204718,2.835881992,-1.476056714,1.015696627
89,2.103961678,-0.006019848,-0.21678808,1.805180563,-0.80573409,-1.363771856,-0.635176309,-0.19200386,-0.152613378,-1.226874423,-2.315812726,0.078215189,-1.136210478,1.187411404
90,1.594230505,1.591715024,-0.225714975,2.272615276,-0.553590207,-1.967296733,-0.677831209,1.121668731,-0.509950894,-2.843782358,-0.968458488,1.517721396,-0.165019077,1.080338016
91,-0.927685627,-0.994644704,-0.509888058,1.872967484,0.029328983,-1.224856975,-0.810720111,-0.655461543,-0.417725442,-1.121237072,-2.038264451,0.268731519,-1.355593183,1.934051457
92,2.156397859,1.52629968,0.122636341,2.617576541,-1.054314557,-0.341889671,-0.581155596,0.388168503,-0.322468571,-2.138342102,-1.103561682,0.584071274,0.166822443,1.441308588
93,-1.315527194,0.512351732,-0.193715256,1.043935342,-0.566334605,-1.675092615,-2.247747675,-0.570468807,-1.249782074,-2.205103137,-1.048482311,0.73689603,-0.309041063,0.936684709
94,3.13657098,1.678241,0.950800303,2.016298447,-0.574059291,0.097345942,-0.806510047,0.516898716,-0.128944463,-1.67036665,-0.577149561,-0.247284836,-0.626660385,2.087339512
95,3.517381498,1.797110699,0.366515271,2.233273792,0.404940493,-1.083412308,0.639596061,-0.400512468,0.771381778,-1.895431316,-2.346600651,-0.240603187,-0.080322761,0.905992168
96,3.707515893,1.786227787,1.416803591,1.652189779,0.251654185,-1.573079141,0.093765101,-0.469540327,-0.012862287,-2.142762592,-0.960735554,-0.401632616,0.473373654,2.281293709
97,3.936205057,2.022885187,1.375196097,2.095760581,-0.853431856,-1.108943287,0.023396679,0.074316504,-0.272079983,-0.63436671,-0.998648856,0.543896783,-0.266226366,2.463487071
98,2.134668577,1.650290724,0.724320875,2.158111153,-0.300667171,0.141510977,-0.206257781,1.325670222,-0.23575485,-1.340063796,-1.766028839,2.137446846,-0.105811821,1.286330454
99,-1.300982449,1.188087929,-0.483715782,1.361625944,-0.848082103,-1.431067208,-2.213476873,-1.179050176,-0.415180261,-1.646859175,-1.242330042,-0.484937925,-0.539977891,1.513114323
100,2.973213038,-0.053581957,-0.05648493,2.368406829,0.392070951,-1.588976329,-0.186533062,-0.16790698,0.210376839,-1.655455204,-1.32349868,0.826804161,-1.327556526,1.62287778
101,-0.743810364,1.778228046,0.256858832,1.670601091,-0.24200482,-0.772309822,-1.628562362,0.329537148,-0.274388283,-1.9483762,-1.84391918,0.393774241,1.40373272,0.84752596
102,2.669494506,-0.15688998,0.35899303,1.23590387,-0.5535291,-0.831110862,-1.6086043,-0.346867387,-0.35540268,-1.984514698,-1.343862034,0.536013068,-1.133207714,1.162747086
103,-0.529344301,-0.928481169,0.105977212,0.942021455,-0.702283137,-1.557652776,-1.741357551,-0.300046602,-0.448671401,-2.153039376,-1.61676286,0.773031229,-1.146023056,1.213633062
104,3.962159717,2.001749644,0.234163929,1.902519486,-0.575831042,-1.521904161,0.667870934,0.031435397,-0.044035535,-1.229779473,-2.294507515,1.314327698,0.125446428,0.728515058
105,-3.136056785,-2.309973778,1.180357043,0.887089768,0.35766733,-0.320886726,-1.664975948,0.156624889,-0.960971845,-2.157494678,-1.058676998,2.712617924,-2.059052857,1.326331416
106,3.147092184,1.150470537,0.365710206,2.592582118,0.422612163,-0.351667289,0.402801706,-0.741432758,0.811857012,-1.103009919,-1.444010363,-0.327632461,-0.020369854,1.676102292
107,1.414932327,0.854249858,0.135173268,1.310844495,-0.408353499,-2.07222328,-0.651523853,-0.501785583,0.144852551,-1.256820077,-2.061181991,-0.61811225,-1.220121405,2.034962862
108,-0.463076122,-1.965163635,0.432891447,1.744511353,1.390190428,-0.43784993,0.609631404,0.4528745,-0.31433391,-2.116805219,-1.519887175,3.096398771,-1.854395537,1.211965219
109,0.581870765,1.6956093,0.634727812,1.12357079,-2.006709215,-1.019984498,-1.828368408,-0.928422116,-0.548187957,-1.5913783,-1.127514652,-0.800241132,-0.177374787,2.075465667
110,-1.84445542,-0.332095049,0.960611337,0.898917353,-0.540605642,-0.529757354,-1.330465969,-0.649195918,-0.123312915,-1.426971453,-0.879871529,0.846431157,-1.676735374,2.378263383
111,1.161182923,1.803453209,-0.750110019,1.765194159,-1.111557738,-1.207008975,-1.477152998,-1.248678045,-0.21136088,-1.703941936,-1.425822512,-0.400534803,-0.359811975,1.572374229
112,0.277037453,0.153596803,0.041961419,1.107488418,-0.396320353,-0.859085025,-0.612133767,0.038684636,-0.861910081,-2.297112216,-1.432129321,1.235663503,-1.312926335,0.706978423
113,4.353947433,1.452519692,0.915576659,2.168828696,-0.300971084,-2.015831146,0.363312145,0.23542917,-0.891191081,-1.857239939,-1.165330094,2.077002625,0.798379306,1.45374218
114,-0.114402024,0.476959778,-0.124258814,2.241952404,-1.265793038,-1.641735342,-1.896790361,-0.823200874,-0.647918855,-1.643387801,-1.091710435,0.383523579,-0.645722468,1.881801146
115,-2.189524759,-0.684473111,2.298627671,0.217222693,0.176471005,-0.115593093,-0.380907432,-0.072127435,-0.222625994,-2.086944228,-0.906477658,2.322850735,-0.237743,0.884569118
116,-0.038790001,0.549453006,0.919482836,1.591244614,-0.350229969,0.684964769,-0.912963308,-0.073569294,0.574048822,-1.590950931,-1.472287259,-1.312364344,0.162268247,1.452344494
117,-2.42386667,-1.739363153,1.464816385,0.813162311,0.224278001,-0.57873357,-1.351228285,0.088091678,-0.97429822,-1.810083141,-1.132052837,3.536121521,-0.705323676,0.85132125
118,1.167293907,1.28980188,-0.266850516,1.627282275,-0.767704919,-2.269434836,-1.638482797,-0.767273906,-0.764349807,-2.655078574,-1.258990823,0.643844681,-0.578967918,1.305252687
119,2.165767256,1.974629067,0.252735909,2.493921454,-0.142561326,0.165131875,0.129393346,0.45548531,0.669610591,-1.664175399,-1.576979968,-0.48470192,0.046744195,1.012864618
120,3.201436659,2.260999218,0.626998934,2.060921149,-0.087534492,-1.858960813,0.444396363,0.09295197,0.001605707,-2.14281294,-2.044807335,1.097976091,1.323630934,1.066781594
121,1.187708068,-0.025381733,0.574121977,1.50354255,-0.169467751,-1.849562475,-1.570857072,-0.323091799,-0.19125893,-2.339601913,-0.492406708,1.748342877,-0.787672974,2.006137306
122,3.854251404,1.017001793,0.016202318,2.80034259,-0.042464219,-0.681656657,-0.054419455,-0.58542614,0.02025942,-1.145999135,-1.30017576,-0.037361994,-1.032048484,2.355629065
123,-0.728702545,1.220388236,1.635175276,1.067781668,-1.048834595,-0.541490429,-1.312557575,-0.930201423,0.150865698,-1.541800832,-1.031586905,0.721482701,0.528361866,2.0051698
124,-1.797040984,0.485677853,0.189200913,0.84605048,-0.002753952,-0.357043311,-1.760476744,-1.02117105,0.127129374,-1.6537295,-1.853789898,-1.010323207,-0.768195095,1.05213719
125,-2.520535424,-0.179869936,1.036566413,0.790910292,-0.708877982,-0.473286019,-2.173463153,-1.077913275,-0.765691404,-2.247980872,-1.036746825,0.320729676,0.5567692,0.524903183
126,-1.341149122,0.647513234,1.140508282,1.17714389,0.540815944,-0.289366354,-1.164669485,0.832062116,-0.969508516,-2.502819468,-1.115267852,2.565719585,0.929766907,0.555251785
127,-2.026036836,-0.747220966,1.080688896,0.285507132,-0.831962765,-1.236823785,-1.480227029,-0.305696312,-0.676017011,-2.294326028,-0.475946054,1.015430491,-1.482919496,1.404070699
128,0.659343973,1.854478011,1.510310586,1.469495601,-0.052569934,0.513404978,-0.03884574,0.781758032,0.567802014,-1.009646931,-1.589653351,0.626358051,0.581754903,1.260080823
129,3.87857802,2.069629855,1.280181013,1.947312597,-0.721553161,-0.938692809,0.273749353,-0.046363765,-0.449077497,-0.571955756,-1.134951798,0.617879738,-0.202044915,2.126903614
130,-0.277054879,-1.461375007,0.330761694,1.836441721,-0.453518221,-1.35263532,-0.268947228,-0.312811197,-0.884129649,-2.635630933,-0.672072286,2.435163071,-1.830723006,1.172690721
131,-2.821462,-1.594549426,1.62657794,0.522784543,0.364758324,0.319216453,-1.453596192,-0.044879156,-0.538223324,-2.30252965,-1.255675097,1.969736284,-0.709993418,0.852039047
132,3.502681663,1.528966509,1.191777944,2.158754438,0.242859237,-1.632924373,0.55696686,-0.109618272,-0.270605164,-1.96028481,-1.117411403,1.755059707,1.115751692,1.097201318
133,-0.45160247,1.983722235,0.982690918,1.419921474,-0.32521929,-0.165280311,-1.160913176,0.151709263,-0.210743647,-1.970245696,-1.048430616,0.079192114,0.034702421,2.045138284
134,-2.965268561,-1.751375643,0.490035513,1.104735355,0.089615156,-0.131067886,-1.339118432,1.609784365,-1.332713915,-2.539159441,-0.866006184,2.4290432,-0.814391296,0.084087117
135,-0.414619681,-0.697351614,0.767086908,1.993067292,0.368782785,-0.090563127,-0.439078382,1.10935267,-0.583690636,-2.777173178,-0.834635528,2.813988473,-0.463356214,1.237718377
136,-1.249966746,-1.337985084,-0.005849565,1.34069733,-0.68046774,-0.56032298,-1.781979673,-0.796359706,-0.366927125,-1.521015255,-1.508606068,0.662238781,-1.559598209,0.817889251
137,-2.097792346,-0.516542984,0.148201694,1.295732783,-0.695205043,-1.397710694,-2.02770818,-0.648820625,-1.272685182,-2.436472831,-1.008347547,1.359072544,-0.178752475,0.842896067
138,-3.052490759,-2.025383071,0.882153286,0.580199423,0.24209883,-0.196147098,-1.453956594,0.141885343,-0.956316718,-2.195716072,-0.983062823,2.771146051,-1.705096151,1.22754231
139,0.792034019,1.027226107,0.384662524,1.607626258,-0.454879539,-0.608458562,-0.767080848,1.246523689,-1.923228968,-2.717625738,-0.928357976,1.883422308,-0.085393271,0.603565836
140,0.533305916,-0.028761446,1.098454236,1.836205865,0.995910975,-0.023283327,-0.213007743,1.178213074,-0.117476062,-1.89208569,-0.81928516,2.632799292,0.333972008,1.464919785
141,-1.305799213,0.691651724,0.380236768,0.844332991,-0.273677094,-1.74027458,-1.83078921,-0.448813992,-0.960245746,-2.177233302,-1.092635868,1.847718587,0.359249737,0.325135457
142,-1.482254119,0.603370275,1.561241634,0.85357567,0.535308626,0.022647494,-0.999108193,0.902815227,-1.043347812,-2.261334708,-1.177298299,2.491659698,1.021525124,0.10571815
143,1.765718556,2.093328433,1.121376064,1.64335027,-0.033685326,-0.490688954,0.299392,-0.293046694,0.59635463,-0.497825894,-1.904218818,0.347856805,-0.028543345,1.882328809
144,0.918550046,-0.199794944,0.21723937,1.434191494,-0.514931015,-0.798274392,-1.433222048,-0.348132698,-1.101501508,-1.734534245,-0.72842812,0.846469578,-1.611102583,1.765544548
145,-1.555226001,0.087527896,2.21559926,1.194942992,-0.053696017,0.365241087,-0.541679208,1.163900274,-0.104185518,-1.867749373,-0.921518522,1.892465915,0.024718336,1.580263821
146,2.783906031,0.940888133,0.910640366,1.653753072,0.252400104,-0.055932709,-0.506189673,-0.447037297,0.144958644,-0.822099566,-0.964490758,0.198494969,-1.306283911,2.833394161
147,2.033385615,1.139069997,1.321484146,1.382492257,0.021492042,-0.780961847,-0.021529421,-0.396622403,0.377984504,-2.351828458,-1.909767802,0.487091453,0.557939728,2.114886227
148,2.569013068,1.902318322,0.720020446,1.851168622,0.030000744,-0.784740493,-0.490950463,1.714018728,-0.780436919,-2.401243172,-1.609680203,2.977044463,0.556817253,0.987730865
149,-1.254143288,-1.731983216,0.531396446,0.712689277,0.378385627,-1.451328956,-1.912187453,-0.317882305,-1.53274408,-2.315499668,-0.378262941,1.786992098,-1.623047995,1.067554782
150,-0.126891494,-0.210472701,0.831218739,1.476934885,-0.404891271,-0.09895749,-1.337422211,-0.934942389,0.91295468,-1.395282441,-1.233725496,-0.040218299,-1.887355349,2.373730019
151,-0.679494245,1.111833843,0.873323212,0.825147612,-0.595177322,-1.880509243,-1.072558409,-0.424128694,-0.812388167,-1.950240119,-0.83423376,1.226288898,0.039779826,0.969581609
152,-1.765805717,0.423782182,0.227918539,0.995331054,-0.434182896,-1.657170269,-2.203439585,-0.525843022,-1.36231714,-2.471912471,-0.982229009,0.830716047,-0.427898886,1.066664848
153,-0.857242023,1.117591925,0.521504978,0.913334566,-0.695307144,-2.009064206,-1.666532161,-0.680919421,-0.651962818,-2.319536896,-0.680540105,0.375862316,-0.498545595,1.424614052
154,-3.389600928,-1.672443822,1.533575799,0.473381438,0.48948917,0.51772104,-1.49246968,-0.366584746,-0.787468373,-2.371946718,-1.252396094,2.220225956,-0.603875626,0.840392145
155,-1.212953372,-1.782540205,0.340426811,0.761575894,0.34175629,-1.34174891,-1.923974146,-0.254855058,-1.333309243,-2.182555172,-0.494730219,1.710672845,-1.532968214,1.15912731
156,0.341945953,0.915851972,0.655670955,1.109068366,-1.538068668,-2.164485333,-1.93682114,-0.488671571,-0.199352454,-2.40931489,-0.873446032,0.055924761,-0.403013785,1.979088385
157,-2.839236392,-1.990342794,1.220129949,0.615618112,0.600557495,-0.35141141,-0.982915471,0.197437285,-0.936377554,-1.918544247,-1.062509012,3.549555071,-0.515323634,0.56355103
158,0.630879155,-0.607667202,0.638755429,1.257560184,-0.420767518,-1.962886144,-0.829966214,0.411670123,-0.73842791,-2.345231443,-1.534098402,2.87265148,-0.275752452,0.900881013
159,-0.89882778,-0.840992233,-0.082153813,1.363698378,0.090893808,-1.391014794,-2.358006957,-0.876111876,-0.644279027,-1.582102167,-0.664753176,0.116157752,-1.557205555,2.279758355
160,-2.033707783,-0.460212238,-0.095742319,0.767554548,-0.060381073,-1.278662641,-1.954533301,-0.319195638,-1.003465924,-2.252544679,-1.268714186,0.927634637,-1.692502896,0.617755829
161,0.131969205,-0.929735013,0.721523359,1.034499272,-0.846827751,-0.365116682,-0.668694164,-0.157084019,-1.723435802,-2.404704119,-1.178313248,2.058222753,-1.247490928,0.723108179
162,-1.813883571,-1.900690296,0.472278327,1.278651859,0.842302952,0.283710875,-1.147095831,1.272514576,-0.915571735,-2.677575045,-1.123791899,2.146042537,-0.928825079,0.351584445
163,-1.497553028,0.694146348,1.366943246,0.976694283,-0.807959952,-1.329471545,-1.256190552,0.97568035,-0.975142855,-2.306389871,-0.356925603,2.049566107,0.429177989,0.85810346
164,-3.003693863,-1.674468131,0.524239005,1.092087984,0.336061847,-0.257068641,-1.277816785,1.515715668,-1.346209097,-2.791746773,-0.975576331,2.438220861,-0.763496767,0.260987341
165,-1.121846616,0.775248156,0.598677966,1.325239595,-0.572921085,-0.088472848,-1.462195258,0.39095661,-0.289309423,-1.47682816,-1.406564008,0.557156968,1.582780142,0.601837874
166,2.567212586,1.235658254,0.921277342,1.587872795,-1.589287278,-1.603079013,-0.734936433,-0.137774603,-0.559565784,-2.252001256,-1.273285048,1.866629348,0.524685523,0.826393841
167,-0.341410402,-0.463386595,-0.426461848,1.379995056,-0.556869245,-0.399385681,-2.016725299,-1.095860632,0.645934609,-1.053397258,-1.896503128,-0.834171295,-1.303516368,1.40575768
168,-1.944154072,0.656164087,0.139675151,1.187963746,0.146655554,0.07858848,-1.379642031,0.420807236,-0.349156451,-2.054401469,-1.746274491,-0.018376403,-0.237933604,0.882080627
169,-0.907406071,-1.318347626,1.209961771,1.076295652,-0.036292947,-0.836620255,-0.282313723,0.346379938,-1.307709973,-2.154358297,-1.156739336,3.17408967,-0.415936457,0.326359378
170,-0.214387659,0.63721953,-0.037675204,1.514248247,-0.406306955,-1.85751739,-1.134484685,-0.475592798,-1.289103661,-2.557382261,-1.028851763,1.449082782,-0.561927114,0.785483128
171,2.731731592,0.952976589,1.388360961,1.775221608,0.765773638,-1.283540587,0.139979631,0.113306298,-0.18532822,-1.698670512,-1.237229405,2.560491851,0.941137454,1.366067796
172,-1.721024429,0.108329853,0.665516035,0.697246447,-0.179345987,-1.323551843,-1.194519028,-0.383716613,-0.624140955,-2.445817533,-0.735121686,0.652897517,-1.832924302,1.285371638
173,-2.440241595,-0.223854097,0.712427105,0.201962343,0.1160023,-0.40158477,-1.753279287,-0.626215297,-0.598710665,-2.512220149,-1.455779157,0.336698234,-0.330438315,0.461402745
174,-1.881920236,-0.699065716,-0.297004636,1.288906148,-0.605629745,-1.117438055,-2.327816845,-0.776557813,-0.167151112,-1.39546021,-1.501333935,0.026273217,-1.451940784,1.958572908
175,-3.394276488,-2.127285069,1.049094037,0.663737697,0.202907398,-0.083232122,-1.638407224,-0.027233067,-0.953419593,-2.259940247,-0.835065749,2.778954153,-1.795281111,1.191916986
176,3.363178355,0.130487462,0.609299856,1.880566236,0.695026619,-0.654654922,-0.210257538,0.50822951,0.187759917,-1.569390433,-1.806451027,1.645731953,-0.975630824,2.058501791
177,-2.444520504,-0.569403014,1.649287918,0.695243088,1.111314812,0.294310035,-0.915063957,1.141716079,-0.823566499,-2.422156018,-1.463870307,2.665854777,0.389034222,0.373347243
178,2.574601883,1.089469078,0.536148761,1.950067242,0.982901656,-0.548444077,0.271946943,-0.125441619,1.087687692,-1.922529707,-2.511336534,0.848528101,-0.321655247,1.393772392
179,1.091096904,1.781790851,0.270281275,1.307961933,-1.363479147,-0.773343869,-1.451157191,-0.992559879,-0.010253375,-1.206045537,-1.735496947,-1.430495721,-1.225558754,2.148745387
180,4.009747684,1.534447866,-0.265540243,2.053179358,0.004372988,-1.086894991,0.471017529,-0.037052158,0.046256304,-1.65642486,-2.40104823,0.181954241,-0.876772301,1.427014934
181,3.247533216,1.064468538,1.072113278,1.579599308,0.287888505,-1.381122888,-0.106559397,0.090826722,-0.638494609,-1.707453088,-1.118716024,2.809823812,0.477904735,1.641066301
182,2.623897377,2.151227595,0.30356289,2.237279407,-0.618252272,-0.185559346,0.008847909,1.207217875,-0.111134182,-1.116527295,-1.441755809,1.257772491,0.175677918,0.797135564
183,-0.967772284,-1.001929876,0.616612533,0.672246996,-0.779331896,-0.350549994,-1.459009308,-0.023757329,-1.372256491,-2.276898904,-1.526137881,1.299969328,-1.200607071,0.759122179
184,2.013769165,1.425098145,0.241152516,1.601217185,-0.030147333,-0.794797464,0.389954478,-0.167811517,-0.445885582,-1.740042157,-1.841522376,-0.044590277,-1.226938096,2.262967722
185,2.011352352,1.266588335,1.30433493,0.682314075,-0.866064494,-1.289055117,-1.556688407,-0.45144843,-0.836698194,-2.11971665,-0.519671977,0.878226865,-0.696812439,2.481178602
186,2.262725874,3.059308193,0.716615002,1.956985808,-0.351768105,-0.456228344,-0.167723133,0.090760947,0.158762603,-2.447613238,-1.339278636,-0.679606406,0.633586499,2.006851484
187,-1.232181185,0.595590915,1.817351696,0.461510852,-1.010605305,-0.998662183,-1.209727983,-0.685328113,-0.400040388,-2.114286359,-0.737610389,1.015052551,0.902294175,0.727511646
188,5.097543867,1.921393653,0.229476577,2.321717347,-0.45869252,-1.837896125,0.10862281,-0.059066525,-0.751682527,-2.370766812,-1.200389476,0.963393119,-0.09501309,1.852617848
189,2.433742622,3.249085108,0.717875561,1.812909664,-0.555817099,-1.662041584,0.482490161,-0.77430256,0.053575382,-1.026525459,-1.534473978,-0.547925846,0.925626227,1.842304428
190,1.556962606,0.646073572,0.883517849,0.732785907,-1.899046262,-0.805810471,-1.49559726,-0.747127835,0.09361144,-1.525995648,-1.547576326,-0.444465623,-0.859031973,1.419274266
191,3.708046867,2.340080976,0.242853149,2.0846614,-0.488898113,-1.857771002,0.481916628,0.269884221,-0.769195248,-1.914464094,-1.778444694,1.697543311,0.609819519,0.904762348
192,0.729262674,2.211528426,0.109920873,1.720790641,-1.432328341,-2.082037496,-1.163345757,-0.993591464,-0.475155331,-1.90192573,-0.836414781,-0.43761203,-0.650754668,2.346222034
193,-3.173202447,-1.977072069,1.299886006,0.524052352,0.635581199,-0.327572493,-1.124548624,0.353886544,-0.941353874,-1.730344508,-0.996854419,3.560262057,-0.747860786,0.652278749
194,-1.587932671,0.416038644,0.652852207,0.927630405,-0.163898946,-0.734151192,-1.063395476,-0.328171891,-0.038353244,-1.693887938,-0.932681427,0.846008005,-2.113347454,2.265760663
195,0.044606513,-1.723227788,-0.116039183,1.524461293,0.817384549,-0.611034564,0.242432106,0.266583273,-1.019623868,-2.144182281,-1.675586243,2.187736024,-1.52057593,0.801263237
196,0.882487031,-0.66835599,0.345800067,2.022955353,0.605497637,-0.040292958,0.012926563,0.065996001,-0.202560502,-1.806427559,-1.998272901,1.762069027,-1.48169105,2.080971596
197,-2.444392229,-0.815535204,0.162096397,0.592931298,0.31003894,-1.225121323,-1.659250298,-0.016378593,-0.958508361,-2.557215782,-1.279447007,1.448981945,-1.563716904,0.618097059
198,1.472959511,0.913326678,0.544987063,1.403121733,-0.025205545,-1.728484785,-0.585546136,-0.096746197,0.144328444,-1.354703439,-1.86484652,0.531694411,-1.493196754,2.362574493
199,2.471264924,1.658816184,1.296737757,1.116191736,0.593873584,-0.443171966,0.26035735,-0.096246358,0.865740362,-1.597496141,-2.151173285,-0.229125483,-0.680743446,1.593625364
200,1.54191492,-0.236651796,1.009471391,1.17739307,0.919090033,-0.414094946,-0.883532492,0.942437513,-0.576215675,-3.006095593,-1.229818796,1.214948659,0.202109533,1.144874751
201,2.37917252,0.605987541,-0.104810688,1.871257603,-0.121345134,-1.765943705,0.243752272,0.247656211,-0.852791073,-2.354306328,-1.932911981,1.569037834,-1.187838893,1.274722391
202,0.421133678,0.165068723,-0.838493961,1.973517323,0.774396437,-1.141193474,-0.405226454,-0.701280203,0.309888047,-1.735859458,-1.997535257,0.134216956,-1.469192722,1.57612214
203,0.358464871,0.657218829,1.396624322,1.182891862,-0.207264608,-0.408001019,-1.267408819,0.662460035,-0.541461808,-2.309634783,-1.423081751,2.50341137,1.499490603,0.630993591
204,2.197173251,1.565485786,1.147076485,1.580067582,0.495515018,-0.632498872,-0.432839748,-0.89466827,0.191690044,-1.529941841,-1.042149922,-0.300992554,0.17178267,2.730337744
205,0.649747853,-0.215714732,0.853705031,1.769017982,-0.544157169,-1.169934633,0.247797288,0.153367672,-0.631267735,-1.369261717,-1.291182929,0.867813106,-1.469235572,1.592003749
206,-0.652319759,1.924465626,0.949410284,1.358250228,-0.707665589,-0.593443583,-1.628660073,-1.479995279,0.097146394,-2.094675789,-1.299965558,-0.687569146,-0.134673779,2.388755873
207,-0.43765836,1.875433233,0.480991913,1.557193572,-0.657786042,-0.849727124,-1.210209259,0.533712034,-0.372883749,-1.892836174,-0.566542643,0.796249257,-0.779820572,2.115585496
208,3.450194331,1.915122741,-0.458694428,2.457829216,-0.423636002,-0.759037865,0.069303718,-0.717023073,0.341311016,-1.10347509,-2.245601439,-0.445809639,-0.696808462,1.759715859
209,-0.025225393,0.161044991,0.025774265,1.447007255,-1.232552755,-1.916067249,-2.312736739,-0.431946122,-0.630198757,-2.213919469,-1.503340918,0.601687467,-0.10196792,1.379814531
210,-0.076186836,0.492095586,1.235025439,1.285729835,0.263069262,-0.708343352,-2.091578381,-1.028138476,-0.507169243,-1.421693111,-0.81785215,1.155502433,0.510548104,1.723742291
211,0.482450611,0.958960724,0.166609959,1.526013671,-0.275210965,-1.097393056,-0.618827261,-0.664050355,0.100178986,-2.186175168,-1.393472353,-0.258775828,-1.674404578,2.321925036
212,-1.658422121,-0.283504854,0.264196812,1.23278995,-0.95201913,-1.456243114,-2.431470027,-0.795961339,-1.177675385,-2.183255396,-0.793809787,0.910509059,-0.138294955,1.175250228
213,-0.851561288,-0.108917123,1.371613395,1.398955704,1.177950615,0.148187842,0.357644101,1.527159551,-0.384273425,-2.499954734,-1.339370249,3.331789193,0.0716104,0.067185309
214,0.389251068,-1.418515617,-0.119927238,1.931957058,0.577497917,-1.299513225,-0.636581348,-0.418016957,-0.520191447,-1.320306045,-0.824922011,1.403891675,-1.737155897,1.055603376
215,1.141974802,1.530709548,0.661314463,1.358189545,0.178967999,-1.041626368,-0.926395644,1.123423315,-0.074928572,-2.812708693,-1.167869237,1.246824834,-0.61067406,1.810496843
216,1.757804646,1.058797086,0.527484634,1.655749595,0.295798711,0.072860156,-0.511654743,1.10403044,0.151800619,-2.208293429,-1.894141232,0.390799217,0.07844663,0.056017983
217,2.308605526,0.824715173,1.740871502,0.89433163,-0.28065086,-0.780954933,-0.003909222,1.473267189,-1.057241739,-2.322347732,-0.39212413,2.426453476,-0.282583729,1.081358314
218,2.743062095,2.744412474,0.255254715,2.410417746,-0.866151197,-0.957927045,-0.160908458,1.172155766,-0.743884873,-1.880898286,-1.177995683,1.531956618,0.540762296,1.245008354
219,-2.533570728,-0.336150443,1.296222205,0.570693864,1.321450716,0.372365668,-0.602092306,1.512101648,-0.830282471,-2.42975049,-1.284538304,3.138587194,0.064201495,0.089653623
220,0.996484111,2.052813991,1.297119419,1.921718691,-1.10374345,-0.724001043,-0.128003172,0.387530577,-0.208977602,-1.969548871,-0.911983827,0.682105553,1.527163159,1.605446644
221,4.614617685,1.465205813,0.335967807,2.178256839,-0.228086785,-1.717163035,-0.150888224,0.168897831,-0.712833579,-2.388331943,-1.170733212,1.082435677,-0.12628218,1.660481586
222,-0.937989836,-1.278946367,0.576576331,0.765773556,-0.799035553,-0.26171398,-1.383969453,-0.269234611,-1.367246268,-2.340742205,-1.561167079,1.470882517,-0.998190142,0.702093244
223,2.559368427,0.168476605,-0.309892313,2.730715092,0.327726083,-1.40468312,-0.32055583,-0.515115368,0.361349705,-1.102695271,-1.379142392,0.169519445,-1.259221341,2.36509886
224,1.372134987,2.322404875,1.031710654,1.384999028,0.186177261,-1.208416642,0.185525498,-0.714935533,0.135279423,-1.02944186,-1.616902237,0.362764442,0.7920455,2.287342806
225,-2.855708009,-1.506810507,1.245143666,0.413168372,0.244915133,-0.411766137,-1.410600556,0.144190842,-1.024769559,-1.637641472,-0.910588621,3.302189205,-0.641405624,0.762130114
226,2.515455783,1.19285388,0.427621193,1.670216463,0.19156767,0.077978909,-0.559320119,1.188118869,0.134327377,-2.321036266,-1.740932524,1.562239158,-0.65628429,1.039620694
227,-0.481471266,0.039819918,1.06598257,1.170222833,-0.4856945,-0.927312025,-0.837378197,-0.793169235,-0.298179974,-2.004636603,-1.043256865,1.581636701,1.178497598,-0.02219493
228,-2.145854201,-0.597916717,0.616681493,0.600171793,0.495386387,-1.350387095,-1.269373402,0.105859472,-1.047128361,-2.081688794,-1.322345791,2.557609092,-0.539790803,0.144623006
229,-0.731423297,-0.356412452,0.174297396,0.723285561,-0.079235518,-0.572291712,-1.322843935,0.017995693,-1.296490972,-2.344035361,-1.612011414,1.121661269,-1.311129514,0.559134196
230,-0.924057716,-2.256661245,-0.042010552,1.358307067,1.199414565,-0.574217626,-0.322416124,-0.440569944,-0.579132776,-1.817530058,-2.011660228,1.235521936,-1.611970912,0.771230881
231,-2.092389324,-0.641827852,0.379378068,1.180056319,-0.903539263,-1.582800614,-2.264788014,-0.37893644,-1.184578448,-2.237498614,-0.881709359,1.171800291,-0.273014791,0.915925173
232,-2.141887514,-0.263672816,0.850014551,0.655661627,-0.736267621,-0.619334118,-1.879045875,-1.065561598,-0.614823318,-2.246220048,-1.012676938,0.288294092,0.88043169,0.413107406
233,-2.724516907,-1.512491632,1.324487756,1.093480727,0.655020139,-0.112622374,-1.074533381,1.875506892,-1.114021954,-2.269746196,-0.933110236,3.988987258,-0.438861475,0.450501252
234,0.472266855,0.222085819,-0.584088628,2.158881414,0.073800277,-1.330868895,-1.429534987,-1.080408137,-0.224625333,-1.300455742,-1.923093303,-0.296501572,-0.201341443,2.031607519
235,-0.284151057,-0.859338917,0.642032074,1.365800696,0.752327624,-0.844148751,-1.849395724,-0.396674396,-0.77850473,-2.345977125,-0.40074099,2.101642145,-0.960149385,1.755526749
236,-2.232714614,-0.430816243,0.193354467,1.120161601,0.569907632,-0.891543553,-1.396066589,1.164386537,-1.268564945,-2.677040131,-1.072985061,1.782290955,-1.073129526,0.285680973
237,2.687153605,-0.747453231,0.424872038,2.102898588,0.674035681,-0.514768121,0.31437444,0.148002745,-0.817884215,-1.628031975,-1.09155548,1.61096583,-1.364677711,1.324779739
238,-3.184090094,-1.389690003,1.002635846,0.278224617,-0.244052777,0.14040488,-1.457977538,-0.458809423,-0.496663125,-2.294722845,-1.213276465,0.796591025,-0.185458579,0.225659763
239,-0.617573091,-1.000771311,0.308667347,1.915049257,-0.038470777,-0.793072803,0.141664661,1.606672936,-1.102795256,-2.784517197,-0.594237464,2.842940642,-1.177397954,0.368383499
240,-2.210002747,-0.349209343,0.753668828,0.748934486,0.592488803,-1.130449357,-1.143300072,1.779751034,-1.207053483,-2.394250285,-1.085079313,2.839922541,-0.10641286,0.032300822
241,-0.443856981,2.28183435,0.63331479,0.970001166,-0.90105613,-1.553683583,-1.437879407,-1.190707462,0.240781622,-1.64398412,-1.433110172,-0.576073743,0.9793598,1.47415852
242,-3.362705669,-1.479902677,1.497711646,0.477845675,0.231001382,0.392053221,-1.456081199,-0.413252752,-0.417888094,-2.235226796,-1.371267565,1.477513671,-0.611398084,0.832309285
243,-0.917926248,-0.528464933,-0.415592151,1.824437081,-0.728536624,-1.25367054,-1.178040546,-0.664365796,0.292428957,-1.663392963,-1.327289136,0.297599093,-1.66920078,1.685387253
244,-0.829861246,-1.402281445,0.699572848,0.779377865,-0.687821295,-0.345508028,-1.587393174,-0.402162738,-1.424604929,-2.33339613,-1.337148466,1.348761675,-1.209033344,0.821516443
245,-1.485417636,-0.982907603,-0.398101433,1.343519066,0.065692168,-0.485392153,-1.817311285,-0.938950649,0.305090632,-1.653222509,-1.713425458,-0.264341276,-1.675468318,1.521661177
246,0.269684652,-1.242002828,0.245160589,2.037667825,0.033398171,-1.429183792,0.631027456,0.122506271,-0.996312824,-2.072824873,-1.493566762,2.171592633,-1.677068204,0.931042139
247,-2.261591266,-0.654429142,-0.075263295,0.633558406,0.023569512,-0.972831006,-1.689713941,-0.30466877,-1.335673791,-2.440346467,-1.277742595,1.526588388,-1.492631615,0.797867281
248,-3.002359433,-1.17480814,1.20126165,0.27551313,-0.012071403,-0.244362179,-1.519678741,-0.622091798,-0.635881195,-2.257555722,-1.347965797,0.576644853,-0.139070673,0.340925266
249,-2.074090305,-0.617886212,1.238571066,0.943274333,-0.414731815,-0.523699608,-0.666068925,1.560845272,-1.001520891,-2.869053015,-0.438079105,1.868542182,-0.986835374,0.887772072
250,-0.873474602,-1.405530209,0.560936949,0.736470596,-0.672447547,-0.323980234,-1.601681787,-0.209494112,-1.448832453,-2.418390339,-1.391250797,1.778092209,-1.161368572,0.568428061
251,2.378661977,-0.547353487,0.403447544,1.537363805,0.024369381,-1.695649601,-0.90001382,-0.119104512,-1.462231709,-2.093443506,-1.419746549,1.495852062,-1.129883418,1.539798118
